Workbook

Sheet Planilha1
B1: dez(ano anterior) | C1: jan | D1: fev | E1: mar | F1: mai | G1: jun | H1: jul | I1: ago | M1: dez(ano anterior) | N1: jan | O1: fev | P1: mar | Q1: mai | R1: jun | S1: jul | T1: ago
A2: 1998 | B2: S | C2: E | D2: S | E2: S | F2: S | G2: S | H2: SE | I2: SE | L2: 1998 | M2: =IFERROR(_xlfn.XLOOKUP(B2, conversao_direcao!$A:$A, conversao_direcao!$B:$B), "") -> 180 | N2: =IFERROR(_xlfn.XLOOKUP(C2, conversao_direcao!$A:$A, conversao_direcao!$B:$B), "") -> 90 | O2: =IFERROR(_xlfn.XLOOKUP(D2, conversao_direcao!$A:$A, conversao_direcao!$B:$B), "") -> 180 | P2: =IFERROR(_xlfn.XLOOKUP(E2, conversao_direcao!$A:$A, conversao_direcao!$B:$B), "") -> 180 | Q2: =IFERROR(_xlfn.XLOOKUP(F2, conversao_direcao!$A:$A, conversao_direcao!$B:$B), "") -> 180 | R2: =IFERROR(_xlfn.XLOOKUP(G2, conversao_direcao!$A:$A, conversao_direcao!$B:$B), "") -> 180 | S2: =IFERROR(_xlfn.XLOOKUP(H2, conversao_direcao!$A:$A, conversao_direcao!$B:$B), "") -> 135 | T2: =IFERROR(_xlfn.XLOOKUP(I2, conversao_direcao!$A:$A, conversao_direcao!$B:$B), "") -> 135
A3: =A2+1 -> 1999 | B3: E | C3: S | D3: E | E3: S | F3: E | G3: E | H3: E | I3: E | L3: =L2+1 -> 1999 | M3: =IFERROR(_xlfn.XLOOKUP(B3, conversao_direcao!$A:$A, conversao_direcao!$B:$B), "") -> 90 | N3: =IFERROR(_xlfn.XLOOKUP(C3, conversao_direcao!$A:$A, conversao_direcao!$B:$B), "") -> 180 | O3: =IFERROR(_xlfn.XLOOKUP(D3, conversao_direcao!$A:$A, conversao_direcao!$B:$B), "") -> 90 | P3: =IFERROR(_xlfn.XLOOKUP(E3, conversao_direcao!$A:$A, conversao_direcao!$B:$B), "") -> 180 | Q3: =IFERROR(_xlfn.XLOOKUP(F3, conversao_direcao!$A:$A, conversao_direcao!$B:$B), "") -> 90 | R3: =IFERROR(_xlfn.XLOOKUP(G3, conversao_direcao!$A:$A, conversao_direcao!$B:$B), "") -> 90 | S3: =IFERROR(_xlfn.XLOOKUP(H3, conversao_direcao!$A:$A, conversao_direcao!$B:$B), "") -> 90 | T3: =IFERROR(_xlfn.XLOOKUP(I3, conversao_direcao!$A:$A, conversao_direcao!$B:$B), "") -> 90
A4: =A3+1 -> 2000 | B4: S | C4: E | D4: W | E4: E | F4: E | G4: E | H4: NE | I4: E | L4: =L3+1 -> 2000 | M4: =IFERROR(_xlfn.XLOOKUP(B4, conversao_direcao!$A:$A, conversao_direcao!$B:$B), "") -> 180 | N4: =IFERROR(_xlfn.XLOOKUP(C4, conversao_direcao!$A:$A, conversao_direcao!$B:$B), "") -> 90 | O4: =IFERROR(_xlfn.XLOOKUP(D4, conversao_direcao!$A:$A, conversao_direcao!$B:$B), "") -> 270 | P4: =IFERROR(_xlfn.XLOOKUP(E4, conversao_direcao!$A:$A, conversao_direcao!$B:$B), "") -> 90 | Q4: =IFERROR(_xlfn.XLOOKUP(F4, conversao_direcao!$A:$A, conversao_direcao!$B:$B), "") -> 90 | R4: =IFERROR(_xlfn.XLOOKUP(G4, conversao_direcao!$A:$A, conversao_direcao!$B:$B), "") -> 90 | S4: =IFERROR(_xlfn.XLOOKUP(H4, conversao_direcao!$A:$A, conversao_direcao!$B:$B), "") -> 45 | T4: =IFERROR(_xlfn.XLOOKUP(I4, conversao_direcao!$A:$A, conversao_direcao!$B:$B), "") -> 90
A5: =A4+1 -> 2001 | B5: E | C5: N | D5: W | E5: E | F5: E | G5: E | H5: E | I5: E | L5: =L4+1 -> 2001 | M5: =IFERROR(_xlfn.XLOOKUP(B5, conversao_direcao!$A:$A, conversao_direcao!$B:$B), "") -> 90 | N5: =IFERROR(_xlfn.XLOOKUP(C5, conversao_direcao!$A:$A, conversao_direcao!$B:$B), "") -> 0 | O5: =IFERROR(_xlfn.XLOOKUP(D5, conversao_direcao!$A:$A, conversao_direcao!$B:$B), "") -> 270 | P5: =IFERROR(_xlfn.XLOOKUP(E5, conversao_direcao!$A:$A, conversao_direcao!$B:$B), "") -> 90 | Q5: =IFERROR(_xlfn.XLOOKUP(F5, conversao_direcao!$A:$A, conversao_direcao!$B:$B), "") -> 90 | R5: =IFERROR(_xlfn.XLOOKUP(G5, conversao_direcao!$A:$A, conversao_direcao!$B:$B), "") -> 90 | S5: =IFERROR(_xlfn.XLOOKUP(H5, conversao_direcao!$A:$A, conversao_direcao!$B:$B), "") -> 90 | T5: =IFERROR(_xlfn.XLOOKUP(I5, conversao_direcao!$A:$A, conversao_direcao!$B:$B), "") -> 90
A6: =A5+1 -> 2002 | B6: E | C6: SE | D6: E | E6: E | F6: E | G6: E | I6: E | L6: =L5+1 -> 2002 | M6: =IFERROR(_xlfn.XLOOKUP(B6, conversao_direcao!$A:$A, conversao_direcao!$B:$B), "") -> 90 | N6: =IFERROR(_xlfn.XLOOKUP(C6, conversao_direcao!$A:$A, conversao_direcao!$B:$B), "") -> 135 | O6: =IFERROR(_xlfn.XLOOKUP(D6, conversao_direcao!$A:$A, conversao_direcao!$B:$B), "") -> 90 | P6: =IFERROR(_xlfn.XLOOKUP(E6, conversao_direcao!$A:$A, conversao_direcao!$B:$B), "") -> 90 | Q6: =IFERROR(_xlfn.XLOOKUP(F6, conversao_direcao!$A:$A, conversao_direcao!$B:$B), "") -> 90 | R6: =IFERROR(_xlfn.XLOOKUP(G6, conversao_direcao!$A:$A, conversao_direcao!$B:$B), "") -> 90 | S6: =IFERROR(_xlfn.XLOOKUP(H6, conversao_direcao!$A:$A, conversao_direcao!$B:$B), "") -> 0 | T6: =IFERROR(_xlfn.XLOOKUP(I6, conversao_direcao!$A:$A, conversao_direcao!$B:$B), "") -> 90
A7: =A6+1 -> 2003 | B7: SE | C7: NE | D7: NE | E7: NE | F7: NE | G7: E | H7: E | I7: S | L7: =L6+1 -> 2003 | M7: =IFERROR(_xlfn.XLOOKUP(B7, conversao_direcao!$A:$A, conversao_direcao!$B:$B), "") -> 135 | N7: =IFERROR(_xlfn.XLOOKUP(C7, conversao_direcao!$A:$A, conversao_direcao!$B:$B), "") -> 45 | O7: =IFERROR(_xlfn.XLOOKUP(D7, conversao_direcao!$A:$A, conversao_direcao!$B:$B), "") -> 45 | P7: =IFERROR(_xlfn.XLOOKUP(E7, conversao_direcao!$A:$A, conversao_direcao!$B:$B), "") -> 45 | Q7: =IFERROR(_xlfn.XLOOKUP(F7, conversao_direcao!$A:$A, conversao_direcao!$B:$B), "") -> 45 | R7: =IFERROR(_xlfn.XLOOKUP(G7, conversao_direcao!$A:$A, conversao_direcao!$B:$B), "") -> 90 | S7: =IFERROR(_xlfn.XLOOKUP(H7, conversao_direcao!$A:$A, conversao_direcao!$B:$B), "") -> 90 | T7: =IFERROR(_xlfn.XLOOKUP(I7, conversao_direcao!$A:$A, conversao_direcao!$B:$B), "") -> 180
A8: =A7+1 -> 2004 | B8: E | C8: NE | D8: E | E8: SE | F8: NE | G8: E | H8: E | I8: E | L8: =L7+1 -> 2004 | M8: =IFERROR(_xlfn.XLOOKUP(B8, conversao_direcao!$A:$A, conversao_direcao!$B:$B), "") -> 90 | N8: =IFERROR(_xlfn.XLOOKUP(C8, conversao_direcao!$A:$A, conversao_direcao!$B:$B), "") -> 45 | O8: =IFERROR(_xlfn.XLOOKUP(D8, conversao_direcao!$A:$A, conversao_direcao!$B:$B), "") -> 90 | P8: =IFERROR(_xlfn.XLOOKUP(E8, conversao_direcao!$A:$A, conversao_direcao!$B:$B), "") -> 135 | Q8: =IFERROR(_xlfn.XLOOKUP(F8, conversao_direcao!$A:$A, conversao_direcao!$B:$B), "") -> 45 | R8: =IFERROR(_xlfn.XLOOKUP(G8, conversao_direcao!$A:$A, conversao_direcao!$B:$B), "") -> 90 | S8: =IFERROR(_xlfn.XLOOKUP(H8, conversao_direcao!$A:$A, conversao_direcao!$B:$B), "") -> 90 | T8: =IFERROR(_xlfn.XLOOKUP(I8, conversao_direcao!$A:$A, conversao_direcao!$B:$B), "") -> 90
A9: =A8+1 -> 2005 | C9: N | D9: SW | F9: NE | G9: NE | I9: NE | L9: =L8+1 -> 2005 | M9: =IFERROR(_xlfn.XLOOKUP(B9, conversao_direcao!$A:$A, conversao_direcao!$B:$B), "") -> 0 | N9: =IFERROR(_xlfn.XLOOKUP(C9, conversao_direcao!$A:$A, conversao_direcao!$B:$B), "") -> 0 | O9: =IFERROR(_xlfn.XLOOKUP(D9, conversao_direcao!$A:$A, conversao_direcao!$B:$B), "") -> 225 | P9: =IFERROR(_xlfn.XLOOKUP(E9, conversao_direcao!$A:$A, conversao_direcao!$B:$B), "") -> 0 | Q9: =IFERROR(_xlfn.XLOOKUP(F9, conversao_direcao!$A:$A, conversao_direcao!$B:$B), "") -> 45 | R9: =IFERROR(_xlfn.XLOOKUP(G9, conversao_direcao!$A:$A, conversao_direcao!$B:$B), "") -> 45 | S9: =IFERROR(_xlfn.XLOOKUP(H9, conversao_direcao!$A:$A, conversao_direcao!$B:$B), "") -> 0 | T9: =IFERROR(_xlfn.XLOOKUP(I9, conversao_direcao!$A:$A, conversao_direcao!$B:$B), "") -> 45
A10: =A9+1 -> 2006 | C10: N | D10: NE | E10: E | F10: SE | G10: E | H10: NE | I10: E | L10: =L9+1 -> 2006 | M10: =IFERROR(_xlfn.XLOOKUP(B10, conversao_direcao!$A:$A, conversao_direcao!$B:$B), "") -> 0 | N10: =IFERROR(_xlfn.XLOOKUP(C10, conversao_direcao!$A:$A, conversao_direcao!$B:$B), "") -> 0 | O10: =IFERROR(_xlfn.XLOOKUP(D10, conversao_direcao!$A:$A, conversao_direcao!$B:$B), "") -> 45 | P10: =IFERROR(_xlfn.XLOOKUP(E10, conversao_direcao!$A:$A, conversao_direcao!$B:$B), "") -> 90 | Q10: =IFERROR(_xlfn.XLOOKUP(F10, conversao_direcao!$A:$A, conversao_direcao!$B:$B), "") -> 135 | R10: =IFERROR(_xlfn.XLOOKUP(G10, conversao_direcao!$A:$A, conversao_direcao!$B:$B), "") -> 90 | S10: =IFERROR(_xlfn.XLOOKUP(H10, conversao_direcao!$A:$A, conversao_direcao!$B:$B), "") -> 45 | T10: =IFERROR(_xlfn.XLOOKUP(I10, conversao_direcao!$A:$A, conversao_direcao!$B:$B), "") -> 90
A11: =A10+1 -> 2007 | B11: N | D11: SE | E11: E | F11: NE | G11: NE | H11: NE | I11: NE | L11: =L10+1 -> 2007 | M11: =IFERROR(_xlfn.XLOOKUP(B11, conversao_direcao!$A:$A, conversao_direcao!$B:$B), "") -> 0 | N11: =IFERROR(_xlfn.XLOOKUP(C11, conversao_direcao!$A:$A, conversao_direcao!$B:$B), "") -> 0 | O11: =IFERROR(_xlfn.XLOOKUP(D11, conversao_direcao!$A:$A, conversao_direcao!$B:$B), "") -> 135 | P11: =IFERROR(_xlfn.XLOOKUP(E11, conversao_direcao!$A:$A, conversao_direcao!$B:$B), "") -> 90 | Q11: =IFERROR(_xlfn.XLOOKUP(F11, conversao_direcao!$A:$A, conversao_direcao!$B:$B), "") -> 45 | R11: =IFERROR(_xlfn.XLOOKUP(G11, conversao_direcao!$A:$A, conversao_direcao!$B:$B), "") -> 45 | S11: =IFERROR(_xlfn.XLOOKUP(H11, conversao_direcao!$A:$A, conversao_direcao!$B:$B), "") -> 45 | T11: =IFERROR(_xlfn.XLOOKUP(I11, conversao_direcao!$A:$A, conversao_direcao!$B:$B), "") -> 45
A12: =A11+1 -> 2008 | B12: SE | C12: E | D12: SE | E12: E | F12: E | G12: NE | H12: E | I12: E | L12: =L11+1 -> 2008 | M12: =IFERROR(_xlfn.XLOOKUP(B12, conversao_direcao!$A:$A, conversao_direcao!$B:$B), "") -> 135 | N12: =IFERROR(_xlfn.XLOOKUP(C12, conversao_direcao!$A:$A, conversao_direcao!$B:$B), "") -> 90 | O12: =IFERROR(_xlfn.XLOOKUP(D12, conversao_direcao!$A:$A, conversao_direcao!$B:$B), "") -> 135 | P12: =IFERROR(_xlfn.XLOOKUP(E12, conversao_direcao!$A:$A, conversao_direcao!$B:$B), "") -> 90 | Q12: =IFERROR(_xlfn.XLOOKUP(F12, conversao_direcao!$A:$A, conversao_direcao!$B:$B), "") -> 90 | R12: =IFERROR(_xlfn.XLOOKUP(G12, conversao_direcao!$A:$A, conversao_direcao!$B:$B), "") -> 45 | S12: =IFERROR(_xlfn.XLOOKUP(H12, conversao_direcao!$A:$A, conversao_direcao!$B:$B), "") -> 90 | T12: =IFERROR(_xlfn.XLOOKUP(I12, conversao_direcao!$A:$A, conversao_direcao!$B:$B), "") -> 90
A13: =A12+1 -> 2009 | B13: E | D13: E | E13: E | F13: NE | G13: NE | I13: E | L13: =L12+1 -> 2009 | M13: =IFERROR(_xlfn.XLOOKUP(B13, conversao_direcao!$A:$A, conversao_direcao!$B:$B), "") -> 90 | N13: =IFERROR(_xlfn.XLOOKUP(C13, conversao_direcao!$A:$A, conversao_direcao!$B:$B), "") -> 0 | O13: =IFERROR(_xlfn.XLOOKUP(D13, conversao_direcao!$A:$A, conversao_direcao!$B:$B), "") -> 90 | P13: =IFERROR(_xlfn.XLOOKUP(E13, conversao_direcao!$A:$A, conversao_direcao!$B:$B), "") -> 90 | Q13: =IFERROR(_xlfn.XLOOKUP(F13, conversao_direcao!$A:$A, conversao_direcao!$B:$B), "") -> 45 | R13: =IFERROR(_xlfn.XLOOKUP(G13, conversao_direcao!$A:$A, conversao_direcao!$B:$B), "") -> 45 | S13: =IFERROR(_xlfn.XLOOKUP(H13, conversao_direcao!$A:$A, conversao_direcao!$B:$B), "") -> 0 | T13: =IFERROR(_xlfn.XLOOKUP(I13, conversao_direcao!$A:$A, conversao_direcao!$B:$B), "") -> 90
A14: =A13+1 -> 2010 | B14: E | C14: NE | D14: NE | E14: E | F14: E | G14: NE | H14: NE | I14: E | L14: =L13+1 -> 2010 | M14: =IFERROR(_xlfn.XLOOKUP(B14, conversao_direcao!$A:$A, conversao_direcao!$B:$B), "") -> 90 | N14: =IFERROR(_xlfn.XLOOKUP(C14, conversao_direcao!$A:$A, conversao_direcao!$B:$B), "") -> 45 | O14: =IFERROR(_xlfn.XLOOKUP(D14, conversao_direcao!$A:$A, conversao_direcao!$B:$B), "") -> 45 | P14: =IFERROR(_xlfn.XLOOKUP(E14, conversao_direcao!$A:$A, conversao_direcao!$B:$B), "") -> 90 | Q14: =IFERROR(_xlfn.XLOOKUP(F14, conversao_direcao!$A:$A, conversao_direcao!$B:$B), "") -> 90 | R14: =IFERROR(_xlfn.XLOOKUP(G14, conversao_direcao!$A:$A, conversao_direcao!$B:$B), "") -> 45 | S14: =IFERROR(_xlfn.XLOOKUP(H14, conversao_direcao!$A:$A, conversao_direcao!$B:$B), "") -> 45 | T14: =IFERROR(_xlfn.XLOOKUP(I14, conversao_direcao!$A:$A, conversao_direcao!$B:$B), "") -> 90
A15: =A14+1 -> 2011 | B15: E | C15: NE | D15: E | E15: E | F15: E | G15: E | H15: E | I15: E | L15: =L14+1 -> 2011 | M15: =IFERROR(_xlfn.XLOOKUP(B15, conversao_direcao!$A:$A, conversao_direcao!$B:$B), "") -> 90 | N15: =IFERROR(_xlfn.XLOOKUP(C15, conversao_direcao!$A:$A, conversao_direcao!$B:$B), "") -> 45 | O15: =IFERROR(_xlfn.XLOOKUP(D15, conversao_direcao!$A:$A, conversao_direcao!$B:$B), "") -> 90 | P15: =IFERROR(_xlfn.XLOOKUP(E15, conversao_direcao!$A:$A, conversao_direcao!$B:$B), "") -> 90 | Q15: =IFERROR(_xlfn.XLOOKUP(F15, conversao_direcao!$A:$A, conversao_direcao!$B:$B), "") -> 90 | R15: =IFERROR(_xlfn.XLOOKUP(G15, conversao_direcao!$A:$A, conversao_direcao!$B:$B), "") -> 90 | S15: =IFERROR(_xlfn.XLOOKUP(H15, conversao_direcao!$A:$A, conversao_direcao!$B:$B), "") -> 90 | T15: =IFERROR(_xlfn.XLOOKUP(I15, conversao_direcao!$A:$A, conversao_direcao!$B:$B), "") -> 90
A16: =A15+1 -> 2012 | B16: N | C16: E | D16: E | E16: E | F16: E | G16: N | H16: E | I16: E | L16: =L15+1 -> 2012 | M16: =IFERROR(_xlfn.XLOOKUP(B16, conversao_direcao!$A:$A, conversao_direcao!$B:$B), "") -> 0 | N16: =IFERROR(_xlfn.XLOOKUP(C16, conversao_direcao!$A:$A, conversao_direcao!$B:$B), "") -> 90 | O16: =IFERROR(_xlfn.XLOOKUP(D16, conversao_direcao!$A:$A, conversao_direcao!$B:$B), "") -> 90 | P16: =IFERROR(_xlfn.XLOOKUP(E16, conversao_direcao!$A:$A, conversao_direcao!$B:$B), "") -> 90 | Q16: =IFERROR(_xlfn.XLOOKUP(F16, conversao_direcao!$A:$A, conversao_direcao!$B:$B), "") -> 90 | R16: =IFERROR(_xlfn.XLOOKUP(G16, conversao_direcao!$A:$A, conversao_direcao!$B:$B), "") -> 0 | S16: =IFERROR(_xlfn.XLOOKUP(H16, conversao_direcao!$A:$A, conversao_direcao!$B:$B), "") -> 90 | T16: =IFERROR(_xlfn.XLOOKUP(I16, conversao_direcao!$A:$A, conversao_direcao!$B:$B), "") -> 90
A17: =A16+1 -> 2013 | B17: W | C17: E | D17: E | E17: E | F17: S | G17: E | H17: E | I17: E | L17: =L16+1 -> 2013 | M17: =IFERROR(_xlfn.XLOOKUP(B17, conversao_direcao!$A:$A, conversao_direcao!$B:$B), "") -> 270 | N17: =IFERROR(_xlfn.XLOOKUP(C17, conversao_direcao!$A:$A, conversao_direcao!$B:$B), "") -> 90 | O17: =IFERROR(_xlfn.XLOOKUP(D17, conversao_direcao!$A:$A, conversao_direcao!$B:$B), "") -> 90 | P17: =IFERROR(_xlfn.XLOOKUP(E17, conversao_direcao!$A:$A, conversao_direcao!$B:$B), "") -> 90 | Q17: =IFERROR(_xlfn.XLOOKUP(F17, conversao_direcao!$A:$A, conversao_direcao!$B:$B), "") -> 180 | R17: =IFERROR(_xlfn.XLOOKUP(G17, conversao_direcao!$A:$A, conversao_direcao!$B:$B), "") -> 90 | S17: =IFERROR(_xlfn.XLOOKUP(H17, conversao_direcao!$A:$A, conversao_direcao!$B:$B), "") -> 90 | T17: =IFERROR(_xlfn.XLOOKUP(I17, conversao_direcao!$A:$A, conversao_direcao!$B:$B), "") -> 90
A18: =A17+1 -> 2014 | B18: SE | C18: E | D18: E | E18: E | F18: E | G18: E | H18: E | L18: =L17+1 -> 2014 | M18: =IFERROR(_xlfn.XLOOKUP(B18, conversao_direcao!$A:$A, conversao_direcao!$B:$B), "") -> 135 | N18: =IFERROR(_xlfn.XLOOKUP(C18, conversao_direcao!$A:$A, conversao_direcao!$B:$B), "") -> 90 | O18: =IFERROR(_xlfn.XLOOKUP(D18, conversao_direcao!$A:$A, conversao_direcao!$B:$B), "") -> 90 | P18: =IFERROR(_xlfn.XLOOKUP(E18, conversao_direcao!$A:$A, conversao_direcao!$B:$B), "") -> 90 | Q18: =IFERROR(_xlfn.XLOOKUP(F18, conversao_direcao!$A:$A, conversao_direcao!$B:$B), "") -> 90 | R18: =IFERROR(_xlfn.XLOOKUP(G18, conversao_direcao!$A:$A, conversao_direcao!$B:$B), "") -> 90 | S18: =IFERROR(_xlfn.XLOOKUP(H18, conversao_direcao!$A:$A, conversao_direcao!$B:$B), "") -> 90 | T18: =IFERROR(_xlfn.XLOOKUP(I18, conversao_direcao!$A:$A, conversao_direcao!$B:$B), "") -> 0
A19: =A18+1 -> 2015 | B19: SE | C19: E | D19: N | E19: E | F19: E | G19: E | H19: E | I19: E | L19: =L18+1 -> 2015 | M19: =IFERROR(_xlfn.XLOOKUP(B19, conversao_direcao!$A:$A, conversao_direcao!$B:$B), "") -> 135 | N19: =IFERROR(_xlfn.XLOOKUP(C19, conversao_direcao!$A:$A, conversao_direcao!$B:$B), "") -> 90 | O19: =IFERROR(_xlfn.XLOOKUP(D19, conversao_direcao!$A:$A, conversao_direcao!$B:$B), "") -> 0 | P19: =IFERROR(_xlfn.XLOOKUP(E19, conversao_direcao!$A:$A, conversao_direcao!$B:$B), "") -> 90 | Q19: =IFERROR(_xlfn.XLOOKUP(F19, conversao_direcao!$A:$A, conversao_direcao!$B:$B), "") -> 90 | R19: =IFERROR(_xlfn.XLOOKUP(G19, conversao_direcao!$A:$A, conversao_direcao!$B:$B), "") -> 90 | S19: =IFERROR(_xlfn.XLOOKUP(H19, conversao_direcao!$A:$A, conversao_direcao!$B:$B), "") -> 90 | T19: =IFERROR(_xlfn.XLOOKUP(I19, conversao_direcao!$A:$A, conversao_direcao!$B:$B), "") -> 90
A20: =A19+1 -> 2016 | C20: SE | D20: N | E20: E | F20: E | G20: S | H20: E | I20: S | L20: =L19+1 -> 2016 | M20: =IFERROR(_xlfn.XLOOKUP(B20, conversao_direcao!$A:$A, conversao_direcao!$B:$B), "") -> 0 | N20: =IFERROR(_xlfn.XLOOKUP(C20, conversao_direcao!$A:$A, conversao_direcao!$B:$B), "") -> 135 | O20: =IFERROR(_xlfn.XLOOKUP(D20, conversao_direcao!$A:$A, conversao_direcao!$B:$B), "") -> 0 | P20: =IFERROR(_xlfn.XLOOKUP(E20, conversao_direcao!$A:$A, conversao_direcao!$B:$B), "") -> 90 | Q20: =IFERROR(_xlfn.XLOOKUP(F20, conversao_direcao!$A:$A, conversao_direcao!$B:$B), "") -> 90 | R20: =IFERROR(_xlfn.XLOOKUP(G20, conversao_direcao!$A:$A, conversao_direcao!$B:$B), "") -> 180 | S20: =IFERROR(_xlfn.XLOOKUP(H20, conversao_direcao!$A:$A, conversao_direcao!$B:$B), "") -> 90 | T20: =IFERROR(_xlfn.XLOOKUP(I20, conversao_direcao!$A:$A, conversao_direcao!$B:$B), "") -> 180
A21: =A20+1 -> 2017 | B21: S | C21: E | D21: E | E21: S | F21: S | G21: E | H21: E | I21: S | L21: =L20+1 -> 2017 | M21: =IFERROR(_xlfn.XLOOKUP(B21, conversao_direcao!$A:$A, conversao_direcao!$B:$B), "") -> 180 | N21: =IFERROR(_xlfn.XLOOKUP(C21, conversao_direcao!$A:$A, conversao_direcao!$B:$B), "") -> 90 | O21: =IFERROR(_xlfn.XLOOKUP(D21, conversao_direcao!$A:$A, conversao_direcao!$B:$B), "") -> 90 | P21: =IFERROR(_xlfn.XLOOKUP(E21, conversao_direcao!$A:$A, conversao_direcao!$B:$B), "") -> 180 | Q21: =IFERROR(_xlfn.XLOOKUP(F21, conversao_direcao!$A:$A, conversao_direcao!$B:$B), "") -> 180 | R21: =IFERROR(_xlfn.XLOOKUP(G21, conversao_direcao!$A:$A, conversao_direcao!$B:$B), "") -> 90 | S21: =IFERROR(_xlfn.XLOOKUP(H21, conversao_direcao!$A:$A, conversao_direcao!$B:$B), "") -> 90 | T21: =IFERROR(_xlfn.XLOOKUP(I21, conversao_direcao!$A:$A, conversao_direcao!$B:$B), "") -> 180
A22: =A21+1 -> 2018 | B22: S | C22: S | D22: S | E22: E | F22: E | G22: E | H22: E | I22: S | L22: =L21+1 -> 2018 | M22: =IFERROR(_xlfn.XLOOKUP(B22, conversao_direcao!$A:$A, conversao_direcao!$B:$B), "") -> 180 | N22: =IFERROR(_xlfn.XLOOKUP(C22, conversao_direcao!$A:$A, conversao_direcao!$B:$B), "") -> 180 | O22: =IFERROR(_xlfn.XLOOKUP(D22, conversao_direcao!$A:$A, conversao_direcao!$B:$B), "") -> 180 | P22: =IFERROR(_xlfn.XLOOKUP(E22, conversao_direcao!$A:$A, conversao_direcao!$B:$B), "") -> 90 | Q22: =IFERROR(_xlfn.XLOOKUP(F22, conversao_direcao!$A:$A, conversao_direcao!$B:$B), "") -> 90 | R22: =IFERROR(_xlfn.XLOOKUP(G22, conversao_direcao!$A:$A, conversao_direcao!$B:$B), "") -> 90 | S22: =IFERROR(_xlfn.XLOOKUP(H22, conversao_direcao!$A:$A, conversao_direcao!$B:$B), "") -> 90 | T22: =IFERROR(_xlfn.XLOOKUP(I22, conversao_direcao!$A:$A, conversao_direcao!$B:$B), "") -> 180

Sheet medias
C2: dez(ano anterior) | D2: jan | E2: fev | F2: mar | G2: mai | H2: jun | I2: jul | J2: ago | M2: dez-fev | N2: jan-mar | O2: mai-jul | P2: jun-ago
B3: 1998 | C3: =IF(ISBLANK(Planilha1!B2),"",IFERROR(_xlfn.XLOOKUP(Planilha1!B2, conversao_direcao!$A:$A, conversao_direcao!$B:$B), "")) -> 180 | D3: =IF(ISBLANK(Planilha1!C2),"",IFERROR(_xlfn.XLOOKUP(Planilha1!C2, conversao_direcao!$A:$A, conversao_direcao!$B:$B), "")) -> 90 | E3: =IF(ISBLANK(Planilha1!D2),"",IFERROR(_xlfn.XLOOKUP(Planilha1!D2, conversao_direcao!$A:$A, conversao_direcao!$B:$B), "")) -> 180 | F3: =IF(ISBLANK(Planilha1!E2),"",IFERROR(_xlfn.XLOOKUP(Planilha1!E2, conversao_direcao!$A:$A, conversao_direcao!$B:$B), "")) -> 180 | G3: =IF(ISBLANK(Planilha1!F2),"",IFERROR(_xlfn.XLOOKUP(Planilha1!F2, conversao_direcao!$A:$A, conversao_direcao!$B:$B), "")) -> 180 | H3: =IF(ISBLANK(Planilha1!G2),"",IFERROR(_xlfn.XLOOKUP(Planilha1!G2, conversao_direcao!$A:$A, conversao_direcao!$B:$B), "")) -> 180 | I3: =IF(ISBLANK(Planilha1!H2),"",IFERROR(_xlfn.XLOOKUP(Planilha1!H2, conversao_direcao!$A:$A, conversao_direcao!$B:$B), "")) -> 135 | J3: =IF(ISBLANK(Planilha1!I2),"",IFERROR(_xlfn.XLOOKUP(Planilha1!I2, conversao_direcao!$A:$A, conversao_direcao!$B:$B), "")) -> 135 | L3: 1998 | M3: =AVERAGE(C3:E3) -> 150 | N3: =AVERAGE(D3:F3) -> 150 | O3: =AVERAGE(G3:I3) -> 165 | P3: =AVERAGE(H3:J3) -> 150
B4: =B3+1 -> 1999 | C4: =IF(ISBLANK(Planilha1!B3),"",IFERROR(_xlfn.XLOOKUP(Planilha1!B3, conversao_direcao!$A:$A, conversao_direcao!$B:$B), "")) -> 90 | D4: =IF(ISBLANK(Planilha1!C3),"",IFERROR(_xlfn.XLOOKUP(Planilha1!C3, conversao_direcao!$A:$A, conversao_direcao!$B:$B), "")) -> 180 | E4: =IF(ISBLANK(Planilha1!D3),"",IFERROR(_xlfn.XLOOKUP(Planilha1!D3, conversao_direcao!$A:$A, conversao_direcao!$B:$B), "")) -> 90 | F4: =IF(ISBLANK(Planilha1!E3),"",IFERROR(_xlfn.XLOOKUP(Planilha1!E3, conversao_direcao!$A:$A, conversao_direcao!$B:$B), "")) -> 180 | G4: =IF(ISBLANK(Planilha1!F3),"",IFERROR(_xlfn.XLOOKUP(Planilha1!F3, conversao_direcao!$A:$A, conversao_direcao!$B:$B), "")) -> 90 | H4: =IF(ISBLANK(Planilha1!G3),"",IFERROR(_xlfn.XLOOKUP(Planilha1!G3, conversao_direcao!$A:$A, conversao_direcao!$B:$B), "")) -> 90 | I4: =IF(ISBLANK(Planilha1!H3),"",IFERROR(_xlfn.XLOOKUP(Planilha1!H3, conversao_direcao!$A:$A, conversao_direcao!$B:$B), "")) -> 90 | J4: =IF(ISBLANK(Planilha1!I3),"",IFERROR(_xlfn.XLOOKUP(Planilha1!I3, conversao_direcao!$A:$A, conversao_direcao!$B:$B), "")) -> 90 | L4: =L3+1 -> 1999 | M4: =AVERAGE(C4:E4) -> 120 | N4: =AVERAGE(D4:F4) -> 150 | O4: =AVERAGE(G4:I4) -> 90 | P4: =AVERAGE(H4:J4) -> 90
B5: =B4+1 -> 2000 | C5: =IF(ISBLANK(Planilha1!B4),"",IFERROR(_xlfn.XLOOKUP(Planilha1!B4, conversao_direcao!$A:$A, conversao_direcao!$B:$B), "")) -> 180 | D5: =IF(ISBLANK(Planilha1!C4),"",IFERROR(_xlfn.XLOOKUP(Planilha1!C4, conversao_direcao!$A:$A, conversao_direcao!$B:$B), "")) -> 90 | E5: =IF(ISBLANK(Planilha1!D4),"",IFERROR(_xlfn.XLOOKUP(Planilha1!D4, conversao_direcao!$A:$A, conversao_direcao!$B:$B), "")) -> 270 | F5: =IF(ISBLANK(Planilha1!E4),"",IFERROR(_xlfn.XLOOKUP(Planilha1!E4, conversao_direcao!$A:$A, conversao_direcao!$B:$B), "")) -> 90 | G5: =IF(ISBLANK(Planilha1!F4),"",IFERROR(_xlfn.XLOOKUP(Planilha1!F4, conversao_direcao!$A:$A, conversao_direcao!$B:$B), "")) -> 90 | H5: =IF(ISBLANK(Planilha1!G4),"",IFERROR(_xlfn.XLOOKUP(Planilha1!G4, conversao_direcao!$A:$A, conversao_direcao!$B:$B), "")) -> 90 | I5: =IF(ISBLANK(Planilha1!H4),"",IFERROR(_xlfn.XLOOKUP(Planilha1!H4, conversao_direcao!$A:$A, conversao_direcao!$B:$B), "")) -> 45 | J5: =IF(ISBLANK(Planilha1!I4),"",IFERROR(_xlfn.XLOOKUP(Planilha1!I4, conversao_direcao!$A:$A, conversao_direcao!$B:$B), "")) -> 90 | L5: =L4+1 -> 2000 | M5: =AVERAGE(C5:E5) -> 180 | N5: =AVERAGE(D5:F5) -> 150 | O5: =AVERAGE(G5:I5) -> 75 | P5: =AVERAGE(H5:J5) -> 75
B6: =B5+1 -> 2001 | C6: =IF(ISBLANK(Planilha1!B5),"",IFERROR(_xlfn.XLOOKUP(Planilha1!B5, conversao_direcao!$A:$A, conversao_direcao!$B:$B), "")) -> 90 | D6: =IF(ISBLANK(Planilha1!C5),"",IFERROR(_xlfn.XLOOKUP(Planilha1!C5, conversao_direcao!$A:$A, conversao_direcao!$B:$B), "")) -> 0 | E6: =IF(ISBLANK(Planilha1!D5),"",IFERROR(_xlfn.XLOOKUP(Planilha1!D5, conversao_direcao!$A:$A, conversao_direcao!$B:$B), "")) -> 270 | F6: =IF(ISBLANK(Planilha1!E5),"",IFERROR(_xlfn.XLOOKUP(Planilha1!E5, conversao_direcao!$A:$A, conversao_direcao!$B:$B), "")) -> 90 | G6: =IF(ISBLANK(Planilha1!F5),"",IFERROR(_xlfn.XLOOKUP(Planilha1!F5, conversao_direcao!$A:$A, conversao_direcao!$B:$B), "")) -> 90 | H6: =IF(ISBLANK(Planilha1!G5),"",IFERROR(_xlfn.XLOOKUP(Planilha1!G5, conversao_direcao!$A:$A, conversao_direcao!$B:$B), "")) -> 90 | I6: =IF(ISBLANK(Planilha1!H5),"",IFERROR(_xlfn.XLOOKUP(Planilha1!H5, conversao_direcao!$A:$A, conversao_direcao!$B:$B), "")) -> 90 | J6: =IF(ISBLANK(Planilha1!I5),"",IFERROR(_xlfn.XLOOKUP(Planilha1!I5, conversao_direcao!$A:$A, conversao_direcao!$B:$B), "")) -> 90 | L6: =L5+1 -> 2001 | M6: =AVERAGE(C6:E6) -> 120 | N6: =AVERAGE(D6:F6) -> 120 | O6: =AVERAGE(G6:I6) -> 90 | P6: =AVERAGE(H6:J6) -> 90
B7: =B6+1 -> 2002 | C7: =IF(ISBLANK(Planilha1!B6),"",IFERROR(_xlfn.XLOOKUP(Planilha1!B6, conversao_direcao!$A:$A, conversao_direcao!$B:$B), "")) -> 90 | D7: =IF(ISBLANK(Planilha1!C6),"",IFERROR(_xlfn.XLOOKUP(Planilha1!C6, conversao_direcao!$A:$A, conversao_direcao!$B:$B), "")) -> 135 | E7: =IF(ISBLANK(Planilha1!D6),"",IFERROR(_xlfn.XLOOKUP(Planilha1!D6, conversao_direcao!$A:$A, conversao_direcao!$B:$B), "")) -> 90 | F7: =IF(ISBLANK(Planilha1!E6),"",IFERROR(_xlfn.XLOOKUP(Planilha1!E6, conversao_direcao!$A:$A, conversao_direcao!$B:$B), "")) -> 90 | G7: =IF(ISBLANK(Planilha1!F6),"",IFERROR(_xlfn.XLOOKUP(Planilha1!F6, conversao_direcao!$A:$A, conversao_direcao!$B:$B), "")) -> 90 | H7: =IF(ISBLANK(Planilha1!G6),"",IFERROR(_xlfn.XLOOKUP(Planilha1!G6, conversao_direcao!$A:$A, conversao_direcao!$B:$B), "")) -> 90 | I7: =IF(ISBLANK(Planilha1!H6),"",IFERROR(_xlfn.XLOOKUP(Planilha1!H6, conversao_direcao!$A:$A, conversao_direcao!$B:$B), "")) | J7: =IF(ISBLANK(Planilha1!I6),"",IFERROR(_xlfn.XLOOKUP(Planilha1!I6, conversao_direcao!$A:$A, conversao_direcao!$B:$B), "")) -> 90 | L7: =L6+1 -> 2002 | M7: =AVERAGE(C7:E7) -> 105 | N7: =AVERAGE(D7:F7) -> 105 | O7: =AVERAGE(G7:I7) -> 90 | P7: =AVERAGE(H7:J7) -> 90
B8: =B7+1 -> 2003 | C8: =IF(ISBLANK(Planilha1!B7),"",IFERROR(_xlfn.XLOOKUP(Planilha1!B7, conversao_direcao!$A:$A, conversao_direcao!$B:$B), "")) -> 135 | D8: =IF(ISBLANK(Planilha1!C7),"",IFERROR(_xlfn.XLOOKUP(Planilha1!C7, conversao_direcao!$A:$A, conversao_direcao!$B:$B), "")) -> 45 | E8: =IF(ISBLANK(Planilha1!D7),"",IFERROR(_xlfn.XLOOKUP(Planilha1!D7, conversao_direcao!$A:$A, conversao_direcao!$B:$B), "")) -> 45 | F8: =IF(ISBLANK(Planilha1!E7),"",IFERROR(_xlfn.XLOOKUP(Planilha1!E7, conversao_direcao!$A:$A, conversao_direcao!$B:$B), "")) -> 45 | G8: =IF(ISBLANK(Planilha1!F7),"",IFERROR(_xlfn.XLOOKUP(Planilha1!F7, conversao_direcao!$A:$A, conversao_direcao!$B:$B), "")) -> 45 | H8: =IF(ISBLANK(Planilha1!G7),"",IFERROR(_xlfn.XLOOKUP(Planilha1!G7, conversao_direcao!$A:$A, conversao_direcao!$B:$B), "")) -> 90 | I8: =IF(ISBLANK(Planilha1!H7),"",IFERROR(_xlfn.XLOOKUP(Planilha1!H7, conversao_direcao!$A:$A, conversao_direcao!$B:$B), "")) -> 90 | J8: =IF(ISBLANK(Planilha1!I7),"",IFERROR(_xlfn.XLOOKUP(Planilha1!I7, conversao_direcao!$A:$A, conversao_direcao!$B:$B), "")) -> 180 | L8: =L7+1 -> 2003 | M8: =AVERAGE(C8:E8) -> 75 | N8: =AVERAGE(D8:F8) -> 45 | O8: =AVERAGE(G8:I8) -> 75 | P8: =AVERAGE(H8:J8) -> 120
B9: =B8+1 -> 2004 | C9: =IF(ISBLANK(Planilha1!B8),"",IFERROR(_xlfn.XLOOKUP(Planilha1!B8, conversao_direcao!$A:$A, conversao_direcao!$B:$B), "")) -> 90 | D9: =IF(ISBLANK(Planilha1!C8),"",IFERROR(_xlfn.XLOOKUP(Planilha1!C8, conversao_direcao!$A:$A, conversao_direcao!$B:$B), "")) -> 45 | E9: =IF(ISBLANK(Planilha1!D8),"",IFERROR(_xlfn.XLOOKUP(Planilha1!D8, conversao_direcao!$A:$A, conversao_direcao!$B:$B), "")) -> 90 | F9: =IF(ISBLANK(Planilha1!E8),"",IFERROR(_xlfn.XLOOKUP(Planilha1!E8, conversao_direcao!$A:$A, conversao_direcao!$B:$B), "")) -> 135 | G9: =IF(ISBLANK(Planilha1!F8),"",IFERROR(_xlfn.XLOOKUP(Planilha1!F8, conversao_direcao!$A:$A, conversao_direcao!$B:$B), "")) -> 45 | H9: =IF(ISBLANK(Planilha1!G8),"",IFERROR(_xlfn.XLOOKUP(Planilha1!G8, conversao_direcao!$A:$A, conversao_direcao!$B:$B), "")) -> 90 | I9: =IF(ISBLANK(Planilha1!H8),"",IFERROR(_xlfn.XLOOKUP(Planilha1!H8, conversao_direcao!$A:$A, conversao_direcao!$B:$B), "")) -> 90 | J9: =IF(ISBLANK(Planilha1!I8),"",IFERROR(_xlfn.XLOOKUP(Planilha1!I8, conversao_direcao!$A:$A, conversao_direcao!$B:$B), "")) -> 90 | L9: =L8+1 -> 2004 | M9: =AVERAGE(C9:E9) -> 75 | N9: =AVERAGE(D9:F9) -> 90 | O9: =AVERAGE(G9:I9) -> 75 | P9: =AVERAGE(H9:J9) -> 90
B10: =B9+1 -> 2005 | C10: =IF(ISBLANK(Planilha1!B9),"",IFERROR(_xlfn.XLOOKUP(Planilha1!B9, conversao_direcao!$A:$A, conversao_direcao!$B:$B),)) | D10: =IF(ISBLANK(Planilha1!C9),"",IFERROR(_xlfn.XLOOKUP(Planilha1!C9, conversao_direcao!$A:$A, conversao_direcao!$B:$B), "")) -> 0 | E10: =IF(ISBLANK(Planilha1!D9),"",IFERROR(_xlfn.XLOOKUP(Planilha1!D9, conversao_direcao!$A:$A, conversao_direcao!$B:$B), "")) -> 225 | F10: =IF(ISBLANK(Planilha1!E9),"",IFERROR(_xlfn.XLOOKUP(Planilha1!E9, conversao_direcao!$A:$A, conversao_direcao!$B:$B), "")) | G10: =IF(ISBLANK(Planilha1!F9),"",IFERROR(_xlfn.XLOOKUP(Planilha1!F9, conversao_direcao!$A:$A, conversao_direcao!$B:$B), "")) -> 45 | H10: =IF(ISBLANK(Planilha1!G9),"",IFERROR(_xlfn.XLOOKUP(Planilha1!G9, conversao_direcao!$A:$A, conversao_direcao!$B:$B), "")) -> 45 | I10: =IF(ISBLANK(Planilha1!H9),"",IFERROR(_xlfn.XLOOKUP(Planilha1!H9, conversao_direcao!$A:$A, conversao_direcao!$B:$B), "")) | J10: =IF(ISBLANK(Planilha1!I9),"",IFERROR(_xlfn.XLOOKUP(Planilha1!I9, conversao_direcao!$A:$A, conversao_direcao!$B:$B), "")) -> 45 | L10: =L9+1 -> 2005 | M10: =AVERAGE(C10:E10) -> 112.5 | N10: =AVERAGE(D10:F10) -> 112.5 | O10: =AVERAGE(G10:I10) -> 45 | P10: =AVERAGE(H10:J10) -> 45
B11: =B10+1 -> 2006 | C11: =IF(ISBLANK(Planilha1!B10),"",IFERROR(_xlfn.XLOOKUP(Planilha1!B10, conversao_direcao!$A:$A, conversao_direcao!$B:$B), "")) | D11: =IF(ISBLANK(Planilha1!C10),"",IFERROR(_xlfn.XLOOKUP(Planilha1!C10, conversao_direcao!$A:$A, conversao_direcao!$B:$B), "")) -> 0 | E11: =IF(ISBLANK(Planilha1!D10),"",IFERROR(_xlfn.XLOOKUP(Planilha1!D10, conversao_direcao!$A:$A, conversao_direcao!$B:$B), "")) -> 45 | F11: =IF(ISBLANK(Planilha1!E10),"",IFERROR(_xlfn.XLOOKUP(Planilha1!E10, conversao_direcao!$A:$A, conversao_direcao!$B:$B), "")) -> 90 | G11: =IF(ISBLANK(Planilha1!F10),"",IFERROR(_xlfn.XLOOKUP(Planilha1!F10, conversao_direcao!$A:$A, conversao_direcao!$B:$B), "")) -> 135 | H11: =IF(ISBLANK(Planilha1!G10),"",IFERROR(_xlfn.XLOOKUP(Planilha1!G10, conversao_direcao!$A:$A, conversao_direcao!$B:$B), "")) -> 90 | I11: =IF(ISBLANK(Planilha1!H10),"",IFERROR(_xlfn.XLOOKUP(Planilha1!H10, conversao_direcao!$A:$A, conversao_direcao!$B:$B), "")) -> 45 | J11: =IF(ISBLANK(Planilha1!I10),"",IFERROR(_xlfn.XLOOKUP(Planilha1!I10, conversao_direcao!$A:$A, conversao_direcao!$B:$B), "")) -> 90 | L11: =L10+1 -> 2006 | M11: =AVERAGE(C11:E11) -> 22.5 | N11: =AVERAGE(D11:F11) -> 45 | O11: =AVERAGE(G11:I11) -> 90 | P11: =AVERAGE(H11:J11) -> 75
B12: =B11+1 -> 2007 | C12: =IF(ISBLANK(Planilha1!B11),"",IFERROR(_xlfn.XLOOKUP(Planilha1!B11, conversao_direcao!$A:$A, conversao_direcao!$B:$B), "")) -> 0 | D12: =IF(ISBLANK(Planilha1!C11),"",IFERROR(_xlfn.XLOOKUP(Planilha1!C11, conversao_direcao!$A:$A, conversao_direcao!$B:$B), "")) | E12: =IF(ISBLANK(Planilha1!D11),"",IFERROR(_xlfn.XLOOKUP(Planilha1!D11, conversao_direcao!$A:$A, conversao_direcao!$B:$B), "")) -> 135 | F12: =IF(ISBLANK(Planilha1!E11),"",IFERROR(_xlfn.XLOOKUP(Planilha1!E11, conversao_direcao!$A:$A, conversao_direcao!$B:$B), "")) -> 90 | G12: =IF(ISBLANK(Planilha1!F11),"",IFERROR(_xlfn.XLOOKUP(Planilha1!F11, conversao_direcao!$A:$A, conversao_direcao!$B:$B), "")) -> 45 | H12: =IF(ISBLANK(Planilha1!G11),"",IFERROR(_xlfn.XLOOKUP(Planilha1!G11, conversao_direcao!$A:$A, conversao_direcao!$B:$B), "")) -> 45 | I12: =IF(ISBLANK(Planilha1!H11),"",IFERROR(_xlfn.XLOOKUP(Planilha1!H11, conversao_direcao!$A:$A, conversao_direcao!$B:$B), "")) -> 45 | J12: =IF(ISBLANK(Planilha1!I11),"",IFERROR(_xlfn.XLOOKUP(Planilha1!I11, conversao_direcao!$A:$A, conversao_direcao!$B:$B), "")) -> 45 | L12: =L11+1 -> 2007 | M12: =AVERAGE(C12:E12) -> 67.5 | N12: =AVERAGE(D12:F12) -> 112.5 | O12: =AVERAGE(G12:I12) -> 45 | P12: =AVERAGE(H12:J12) -> 45
B13: =B12+1 -> 2008 | C13: =IF(ISBLANK(Planilha1!B12),"",IFERROR(_xlfn.XLOOKUP(Planilha1!B12, conversao_direcao!$A:$A, conversao_direcao!$B:$B), "")) -> 135 | D13: =IF(ISBLANK(Planilha1!C12),"",IFERROR(_xlfn.XLOOKUP(Planilha1!C12, conversao_direcao!$A:$A, conversao_direcao!$B:$B), "")) -> 90 | E13: =IF(ISBLANK(Planilha1!D12),"",IFERROR(_xlfn.XLOOKUP(Planilha1!D12, conversao_direcao!$A:$A, conversao_direcao!$B:$B), "")) -> 135 | F13: =IF(ISBLANK(Planilha1!E12),"",IFERROR(_xlfn.XLOOKUP(Planilha1!E12, conversao_direcao!$A:$A, conversao_direcao!$B:$B), "")) -> 90 | G13: =IF(ISBLANK(Planilha1!F12),"",IFERROR(_xlfn.XLOOKUP(Planilha1!F12, conversao_direcao!$A:$A, conversao_direcao!$B:$B), "")) -> 90 | H13: =IF(ISBLANK(Planilha1!G12),"",IFERROR(_xlfn.XLOOKUP(Planilha1!G12, conversao_direcao!$A:$A, conversao_direcao!$B:$B), "")) -> 45 | I13: =IF(ISBLANK(Planilha1!H12),"",IFERROR(_xlfn.XLOOKUP(Planilha1!H12, conversao_direcao!$A:$A, conversao_direcao!$B:$B), "")) -> 90 | J13: =IF(ISBLANK(Planilha1!I12),"",IFERROR(_xlfn.XLOOKUP(Planilha1!I12, conversao_direcao!$A:$A, conversao_direcao!$B:$B), "")) -> 90 | L13: =L12+1 -> 2008 | M13: =AVERAGE(C13:E13) -> 120 | N13: =AVERAGE(D13:F13) -> 105 | O13: =AVERAGE(G13:I13) -> 75 | P13: =AVERAGE(H13:J13) -> 75
B14: =B13+1 -> 2009 | C14: =IF(ISBLANK(Planilha1!B13),"",IFERROR(_xlfn.XLOOKUP(Planilha1!B13, conversao_direcao!$A:$A, conversao_direcao!$B:$B), "")) -> 90 | D14: =IF(ISBLANK(Planilha1!C13),"",IFERROR(_xlfn.XLOOKUP(Planilha1!C13, conversao_direcao!$A:$A, conversao_direcao!$B:$B), "")) | E14: =IF(ISBLANK(Planilha1!D13),"",IFERROR(_xlfn.XLOOKUP(Planilha1!D13, conversao_direcao!$A:$A, conversao_direcao!$B:$B), "")) -> 90 | F14: =IF(ISBLANK(Planilha1!E13),"",IFERROR(_xlfn.XLOOKUP(Planilha1!E13, conversao_direcao!$A:$A, conversao_direcao!$B:$B), "")) -> 90 | G14: =IF(ISBLANK(Planilha1!F13),"",IFERROR(_xlfn.XLOOKUP(Planilha1!F13, conversao_direcao!$A:$A, conversao_direcao!$B:$B), "")) -> 45 | H14: =IF(ISBLANK(Planilha1!G13),"",IFERROR(_xlfn.XLOOKUP(Planilha1!G13, conversao_direcao!$A:$A, conversao_direcao!$B:$B), "")) -> 45 | I14: =IF(ISBLANK(Planilha1!H13),"",IFERROR(_xlfn.XLOOKUP(Planilha1!H13, conversao_direcao!$A:$A, conversao_direcao!$B:$B), "")) | J14: =IF(ISBLANK(Planilha1!I13),"",IFERROR(_xlfn.XLOOKUP(Planilha1!I13, conversao_direcao!$A:$A, conversao_direcao!$B:$B), "")) -> 90 | L14: =L13+1 -> 2009 | M14: =AVERAGE(C14:E14) -> 90 | N14: =AVERAGE(D14:F14) -> 90 | O14: =AVERAGE(G14:I14) -> 45 | P14: =AVERAGE(H14:J14) -> 67.5
B15: =B14+1 -> 2010 | C15: =IF(ISBLANK(Planilha1!B14),"",IFERROR(_xlfn.XLOOKUP(Planilha1!B14, conversao_direcao!$A:$A, conversao_direcao!$B:$B), "")) -> 90 | D15: =IF(ISBLANK(Planilha1!C14),"",IFERROR(_xlfn.XLOOKUP(Planilha1!C14, conversao_direcao!$A:$A, conversao_direcao!$B:$B), "")) -> 45 | E15: =IF(ISBLANK(Planilha1!D14),"",IFERROR(_xlfn.XLOOKUP(Planilha1!D14, conversao_direcao!$A:$A, conversao_direcao!$B:$B), "")) -> 45 | F15: =IF(ISBLANK(Planilha1!E14),"",IFERROR(_xlfn.XLOOKUP(Planilha1!E14, conversao_direcao!$A:$A, conversao_direcao!$B:$B), "")) -> 90 | G15: =IF(ISBLANK(Planilha1!F14),"",IFERROR(_xlfn.XLOOKUP(Planilha1!F14, conversao_direcao!$A:$A, conversao_direcao!$B:$B), "")) -> 90 | H15: =IF(ISBLANK(Planilha1!G14),"",IFERROR(_xlfn.XLOOKUP(Planilha1!G14, conversao_direcao!$A:$A, conversao_direcao!$B:$B), "")) -> 45 | I15: =IF(ISBLANK(Planilha1!H14),"",IFERROR(_xlfn.XLOOKUP(Planilha1!H14, conversao_direcao!$A:$A, conversao_direcao!$B:$B), "")) -> 45 | J15: =IF(ISBLANK(Planilha1!I14),"",IFERROR(_xlfn.XLOOKUP(Planilha1!I14, conversao_direcao!$A:$A, conversao_direcao!$B:$B), "")) -> 90 | L15: =L14+1 -> 2010 | M15: =AVERAGE(C15:E15) -> 60 | N15: =AVERAGE(D15:F15) -> 60 | O15: =AVERAGE(G15:I15) -> 60 | P15: =AVERAGE(H15:J15) -> 60
B16: =B15+1 -> 2011 | C16: =IF(ISBLANK(Planilha1!B15),"",IFERROR(_xlfn.XLOOKUP(Planilha1!B15, conversao_direcao!$A:$A, conversao_direcao!$B:$B), "")) -> 90 | D16: =IF(ISBLANK(Planilha1!C15),"",IFERROR(_xlfn.XLOOKUP(Planilha1!C15, conversao_direcao!$A:$A, conversao_direcao!$B:$B), "")) -> 45 | E16: =IF(ISBLANK(Planilha1!D15),"",IFERROR(_xlfn.XLOOKUP(Planilha1!D15, conversao_direcao!$A:$A, conversao_direcao!$B:$B), "")) -> 90 | F16: =IF(ISBLANK(Planilha1!E15),"",IFERROR(_xlfn.XLOOKUP(Planilha1!E15, conversao_direcao!$A:$A, conversao_direcao!$B:$B), "")) -> 90 | G16: =IF(ISBLANK(Planilha1!F15),"",IFERROR(_xlfn.XLOOKUP(Planilha1!F15, conversao_direcao!$A:$A, conversao_direcao!$B:$B), "")) -> 90 | H16: =IF(ISBLANK(Planilha1!G15),"",IFERROR(_xlfn.XLOOKUP(Planilha1!G15, conversao_direcao!$A:$A, conversao_direcao!$B:$B), "")) -> 90 | I16: =IF(ISBLANK(Planilha1!H15),"",IFERROR(_xlfn.XLOOKUP(Planilha1!H15, conversao_direcao!$A:$A, conversao_direcao!$B:$B), "")) -> 90 | J16: =IF(ISBLANK(Planilha1!I15),"",IFERROR(_xlfn.XLOOKUP(Planilha1!I15, conversao_direcao!$A:$A, conversao_direcao!$B:$B), "")) -> 90 | L16: =L15+1 -> 2011 | M16: =AVERAGE(C16:E16) -> 75 | N16: =AVERAGE(D16:F16) -> 75 | O16: =AVERAGE(G16:I16) -> 90 | P16: =AVERAGE(H16:J16) -> 90
B17: =B16+1 -> 2012 | C17: =IF(ISBLANK(Planilha1!B16),"",IFERROR(_xlfn.XLOOKUP(Planilha1!B16, conversao_direcao!$A:$A, conversao_direcao!$B:$B), "")) -> 0 | D17: =IF(ISBLANK(Planilha1!C16),"",IFERROR(_xlfn.XLOOKUP(Planilha1!C16, conversao_direcao!$A:$A, conversao_direcao!$B:$B), "")) -> 90 | E17: =IF(ISBLANK(Planilha1!D16),"",IFERROR(_xlfn.XLOOKUP(Planilha1!D16, conversao_direcao!$A:$A, conversao_direcao!$B:$B), "")) -> 90 | F17: =IF(ISBLANK(Planilha1!E16),"",IFERROR(_xlfn.XLOOKUP(Planilha1!E16, conversao_direcao!$A:$A, conversao_direcao!$B:$B), "")) -> 90 | G17: =IF(ISBLANK(Planilha1!F16),"",IFERROR(_xlfn.XLOOKUP(Planilha1!F16, conversao_direcao!$A:$A, conversao_direcao!$B:$B), "")) -> 90 | H17: =IF(ISBLANK(Planilha1!G16),"",IFERROR(_xlfn.XLOOKUP(Planilha1!G16, conversao_direcao!$A:$A, conversao_direcao!$B:$B), "")) -> 0 | I17: =IF(ISBLANK(Planilha1!H16),"",IFERROR(_xlfn.XLOOKUP(Planilha1!H16, conversao_direcao!$A:$A, conversao_direcao!$B:$B), "")) -> 90 | J17: =IF(ISBLANK(Planilha1!I16),"",IFERROR(_xlfn.XLOOKUP(Planilha1!I16, conversao_direcao!$A:$A, conversao_direcao!$B:$B), "")) -> 90 | L17: =L16+1 -> 2012 | M17: =AVERAGE(C17:E17) -> 60 | N17: =AVERAGE(D17:F17) -> 90 | O17: =AVERAGE(G17:I17) -> 60 | P17: =AVERAGE(H17:J17) -> 60
B18: =B17+1 -> 2013 | C18: =IF(ISBLANK(Planilha1!B17),"",IFERROR(_xlfn.XLOOKUP(Planilha1!B17, conversao_direcao!$A:$A, conversao_direcao!$B:$B), "")) -> 270 | D18: =IF(ISBLANK(Planilha1!C17),"",IFERROR(_xlfn.XLOOKUP(Planilha1!C17, conversao_direcao!$A:$A, conversao_direcao!$B:$B), "")) -> 90 | E18: =IF(ISBLANK(Planilha1!D17),"",IFERROR(_xlfn.XLOOKUP(Planilha1!D17, conversao_direcao!$A:$A, conversao_direcao!$B:$B), "")) -> 90 | F18: =IF(ISBLANK(Planilha1!E17),"",IFERROR(_xlfn.XLOOKUP(Planilha1!E17, conversao_direcao!$A:$A, conversao_direcao!$B:$B), "")) -> 90 | G18: =IF(ISBLANK(Planilha1!F17),"",IFERROR(_xlfn.XLOOKUP(Planilha1!F17, conversao_direcao!$A:$A, conversao_direcao!$B:$B), "")) -> 180 | H18: =IF(ISBLANK(Planilha1!G17),"",IFERROR(_xlfn.XLOOKUP(Planilha1!G17, conversao_direcao!$A:$A, conversao_direcao!$B:$B), "")) -> 90 | I18: =IF(ISBLANK(Planilha1!H17),"",IFERROR(_xlfn.XLOOKUP(Planilha1!H17, conversao_direcao!$A:$A, conversao_direcao!$B:$B), "")) -> 90 | J18: =IF(ISBLANK(Planilha1!I17),"",IFERROR(_xlfn.XLOOKUP(Planilha1!I17, conversao_direcao!$A:$A, conversao_direcao!$B:$B), "")) -> 90 | L18: =L17+1 -> 2013 | M18: =AVERAGE(C18:E18) -> 150 | N18: =AVERAGE(D18:F18) -> 90 | O18: =AVERAGE(G18:I18) -> 120 | P18: =AVERAGE(H18:J18) -> 90
B19: =B18+1 -> 2014 | C19: =IF(ISBLANK(Planilha1!B18),"",IFERROR(_xlfn.XLOOKUP(Planilha1!B18, conversao_direcao!$A:$A, conversao_direcao!$B:$B), "")) -> 135 | D19: =IF(ISBLANK(Planilha1!C18),"",IFERROR(_xlfn.XLOOKUP(Planilha1!C18, conversao_direcao!$A:$A, conversao_direcao!$B:$B), "")) -> 90 | E19: =IF(ISBLANK(Planilha1!D18),"",IFERROR(_xlfn.XLOOKUP(Planilha1!D18, conversao_direcao!$A:$A, conversao_direcao!$B:$B), "")) -> 90 | F19: =IF(ISBLANK(Planilha1!E18),"",IFERROR(_xlfn.XLOOKUP(Planilha1!E18, conversao_direcao!$A:$A, conversao_direcao!$B:$B), "")) -> 90 | G19: =IF(ISBLANK(Planilha1!F18),"",IFERROR(_xlfn.XLOOKUP(Planilha1!F18, conversao_direcao!$A:$A, conversao_direcao!$B:$B), "")) -> 90 | H19: =IF(ISBLANK(Planilha1!G18),"",IFERROR(_xlfn.XLOOKUP(Planilha1!G18, conversao_direcao!$A:$A, conversao_direcao!$B:$B), "")) -> 90 | I19: =IF(ISBLANK(Planilha1!H18),"",IFERROR(_xlfn.XLOOKUP(Planilha1!H18, conversao_direcao!$A:$A, conversao_direcao!$B:$B), "")) -> 90 | J19: =IF(ISBLANK(Planilha1!I18),"",IFERROR(_xlfn.XLOOKUP(Planilha1!I18, conversao_direcao!$A:$A, conversao_direcao!$B:$B), "")) | L19: =L18+1 -> 2014 | M19: =AVERAGE(C19:E19) -> 105 | N19: =AVERAGE(D19:F19) -> 90 | O19: =AVERAGE(G19:I19) -> 90 | P19: =AVERAGE(H19:J19) -> 90
B20: =B19+1 -> 2015 | C20: =IF(ISBLANK(Planilha1!B19),"",IFERROR(_xlfn.XLOOKUP(Planilha1!B19, conversao_direcao!$A:$A, conversao_direcao!$B:$B), "")) -> 135 | D20: =IF(ISBLANK(Planilha1!C19),"",IFERROR(_xlfn.XLOOKUP(Planilha1!C19, conversao_direcao!$A:$A, conversao_direcao!$B:$B), "")) -> 90 | E20: =IF(ISBLANK(Planilha1!D19),"",IFERROR(_xlfn.XLOOKUP(Planilha1!D19, conversao_direcao!$A:$A, conversao_direcao!$B:$B), "")) -> 0 | F20: =IF(ISBLANK(Planilha1!E19),"",IFERROR(_xlfn.XLOOKUP(Planilha1!E19, conversao_direcao!$A:$A, conversao_direcao!$B:$B), "")) -> 90 | G20: =IF(ISBLANK(Planilha1!F19),"",IFERROR(_xlfn.XLOOKUP(Planilha1!F19, conversao_direcao!$A:$A, conversao_direcao!$B:$B), "")) -> 90 | H20: =IF(ISBLANK(Planilha1!G19),"",IFERROR(_xlfn.XLOOKUP(Planilha1!G19, conversao_direcao!$A:$A, conversao_direcao!$B:$B), "")) -> 90 | I20: =IF(ISBLANK(Planilha1!H19),"",IFERROR(_xlfn.XLOOKUP(Planilha1!H19, conversao_direcao!$A:$A, conversao_direcao!$B:$B), "")) -> 90 | J20: =IF(ISBLANK(Planilha1!I19),"",IFERROR(_xlfn.XLOOKUP(Planilha1!I19, conversao_direcao!$A:$A, conversao_direcao!$B:$B), "")) -> 90 | L20: =L19+1 -> 2015 | M20: =AVERAGE(C20:E20) -> 75 | N20: =AVERAGE(D20:F20) -> 60 | O20: =AVERAGE(G20:I20) -> 90 | P20: =AVERAGE(H20:J20) -> 90
B21: =B20+1 -> 2016 | C21: =IF(ISBLANK(Planilha1!B20),"",IFERROR(_xlfn.XLOOKUP(Planilha1!B20, conversao_direcao!$A:$A, conversao_direcao!$B:$B), "")) | D21: =IF(ISBLANK(Planilha1!C20),"",IFERROR(_xlfn.XLOOKUP(Planilha1!C20, conversao_direcao!$A:$A, conversao_direcao!$B:$B), "")) -> 135 | E21: =IF(ISBLANK(Planilha1!D20),"",IFERROR(_xlfn.XLOOKUP(Planilha1!D20, conversao_direcao!$A:$A, conversao_direcao!$B:$B), "")) -> 0 | F21: =IF(ISBLANK(Planilha1!E20),"",IFERROR(_xlfn.XLOOKUP(Planilha1!E20, conversao_direcao!$A:$A, conversao_direcao!$B:$B), "")) -> 90 | G21: =IF(ISBLANK(Planilha1!F20),"",IFERROR(_xlfn.XLOOKUP(Planilha1!F20, conversao_direcao!$A:$A, conversao_direcao!$B:$B), "")) -> 90 | H21: =IF(ISBLANK(Planilha1!G20),"",IFERROR(_xlfn.XLOOKUP(Planilha1!G20, conversao_direcao!$A:$A, conversao_direcao!$B:$B), "")) -> 180 | I21: =IF(ISBLANK(Planilha1!H20),"",IFERROR(_xlfn.XLOOKUP(Planilha1!H20, conversao_direcao!$A:$A, conversao_direcao!$B:$B), "")) -> 90 | J21: =IF(ISBLANK(Planilha1!I20),"",IFERROR(_xlfn.XLOOKUP(Planilha1!I20, conversao_direcao!$A:$A, conversao_direcao!$B:$B), "")) -> 180 | L21: =L20+1 -> 2016 | M21: =AVERAGE(C21:E21) -> 67.5 | N21: =AVERAGE(D21:F21) -> 75 | O21: =AVERAGE(G21:I21) -> 120 | P21: =AVERAGE(H21:J21) -> 150
B22: =B21+1 -> 2017 | C22: =IF(ISBLANK(Planilha1!B21),"",IFERROR(_xlfn.XLOOKUP(Planilha1!B21, conversao_direcao!$A:$A, conversao_direcao!$B:$B), "")) -> 180 | D22: =IF(ISBLANK(Planilha1!C21),"",IFERROR(_xlfn.XLOOKUP(Planilha1!C21, conversao_direcao!$A:$A, conversao_direcao!$B:$B), "")) -> 90 | E22: =IF(ISBLANK(Planilha1!D21),"",IFERROR(_xlfn.XLOOKUP(Planilha1!D21, conversao_direcao!$A:$A, conversao_direcao!$B:$B), "")) -> 90 | F22: =IF(ISBLANK(Planilha1!E21),"",IFERROR(_xlfn.XLOOKUP(Planilha1!E21, conversao_direcao!$A:$A, conversao_direcao!$B:$B), "")) -> 180 | G22: =IF(ISBLANK(Planilha1!F21),"",IFERROR(_xlfn.XLOOKUP(Planilha1!F21, conversao_direcao!$A:$A, conversao_direcao!$B:$B), "")) -> 180 | H22: =IF(ISBLANK(Planilha1!G21),"",IFERROR(_xlfn.XLOOKUP(Planilha1!G21, conversao_direcao!$A:$A, conversao_direcao!$B:$B), "")) -> 90 | I22: =IF(ISBLANK(Planilha1!H21),"",IFERROR(_xlfn.XLOOKUP(Planilha1!H21, conversao_direcao!$A:$A, conversao_direcao!$B:$B), "")) -> 90 | J22: =IF(ISBLANK(Planilha1!I21),"",IFERROR(_xlfn.XLOOKUP(Planilha1!I21, conversao_direcao!$A:$A, conversao_direcao!$B:$B), "")) -> 180 | L22: =L21+1 -> 2017 | M22: =AVERAGE(C22:E22) -> 120 | N22: =AVERAGE(D22:F22) -> 120 | O22: =AVERAGE(G22:I22) -> 120 | P22: =AVERAGE(H22:J22) -> 120
B23: =B22+1 -> 2018 | C23: =IF(ISBLANK(Planilha1!B22),"",IFERROR(_xlfn.XLOOKUP(Planilha1!B22, conversao_direcao!$A:$A, conversao_direcao!$B:$B), "")) -> 180 | D23: =IF(ISBLANK(Planilha1!C22),"",IFERROR(_xlfn.XLOOKUP(Planilha1!C22, conversao_direcao!$A:$A, conversao_direcao!$B:$B), "")) -> 180 | E23: =IF(ISBLANK(Planilha1!D22),"",IFERROR(_xlfn.XLOOKUP(Planilha1!D22, conversao_direcao!$A:$A, conversao_direcao!$B:$B), "")) -> 180 | F23: =IF(ISBLANK(Planilha1!E22),"",IFERROR(_xlfn.XLOOKUP(Planilha1!E22, conversao_direcao!$A:$A, conversao_direcao!$B:$B), "")) -> 90 | G23: =IF(ISBLANK(Planilha1!F22),"",IFERROR(_xlfn.XLOOKUP(Planilha1!F22, conversao_direcao!$A:$A, conversao_direcao!$B:$B), "")) -> 90 | H23: =IF(ISBLANK(Planilha1!G22),"",IFERROR(_xlfn.XLOOKUP(Planilha1!G22, conversao_direcao!$A:$A, conversao_direcao!$B:$B), "")) -> 90 | I23: =IF(ISBLANK(Planilha1!H22),"",IFERROR(_xlfn.XLOOKUP(Planilha1!H22, conversao_direcao!$A:$A, conversao_direcao!$B:$B), "")) -> 90 | J23: =IF(ISBLANK(Planilha1!I22),"",IFERROR(_xlfn.XLOOKUP(Planilha1!I22, conversao_direcao!$A:$A, conversao_direcao!$B:$B), "")) -> 180 | L23: =L22+1 -> 2018 | M23: =AVERAGE(C23:E23) -> 180 | N23: =AVERAGE(D23:F23) -> 150 | O23: =AVERAGE(G23:I23) -> 90 | P23: =AVERAGE(H23:J23) -> 120
L25: media final | M25: =AVERAGE(M3:M23) -> 101.42857 | N25: =AVERAGE(N3:N23) -> 99.285714 | O25: =AVERAGE(O3:O23) -> 85.714286 | P25: =AVERAGE(P3:P23) -> 89.642857

Sheet conversao_direcao
A1: Direção | B1: Graus
A2: N | B2: 0
A3: NNE | B3: 22.5
A4: NE | B4: 45
A5: ENE | B5: 67.5
A6: E | B6: 90
A7: ESE | B7: 112.5
A8: SE | B8: 135
A9: SSE | B9: 157.5
A10: S | B10: 180
A11: SSW | B11: 202.5
A12: SW | B12: 225
A13: WSW | B13: 247.5
... A17: NNW | B17: 337.5
