Workbook

Sheet dados
B2: valores(cal/cm².d)/ano | C2: dez(ano anterior) | D2: insolacao | E2: jan | F2: insolacao | G2: fev | H2: insolacao | I2: mar | J2: insolacao | K2: mai | L2: insolacao | M2: jun | N2: insolacao | O2: jul | P2: insolacao | Q2: ago | R2: insolacao
B3: 1998 | C3: 479.42 | D3: 6.68 | E3: 457.52 | F3: 6.49 | G3: 416.21 | H3: 4.84 | I3: 379.87 | J3: 6.04 | K3: 293 | L3: 6.17 | M3: 278.6 | N3: 6.69 | O3: 298.74 | P3: 7.24 | Q3: 310 | R3: 6.22
B4: =B3+1 -> 1999 | C4: 441.03 | D4: 6.06 | E4: 383.06 | F4: 4.91 | G4: 410.04 | H4: 5.37 | I4: 428.87 | J4: 7.7 | K4: 327.74 | L4: 7.45 | M4: 257.17 | N4: 5.98 | O4: 289 | P4: 6.7 | Q4: 374.52 | R4: 8.37
B5: =B4+1 -> 2000 | C5: 507.87 | D5: 7.23 | E5: 463.99 | F5: 6.37 | G5: 450.1 | H5: 5.49 | I5: 410.52 | J5: 5.42 | K5: 347.32 | L5: 7.36 | M5: 304.37 | N5: 6.68 | O5: 320.42 | P5: 6.47 | Q5: 324.35 | R5: 5.74
B6: =B5+1 -> 2001 | C6: 447.94 | D6: 5.63 | E6: 508.9 | F6: 7.43 | G6: 457.21 | H6: 6.18 | I6: 449.55 | J6: 6.97 | K6: 316.1 | L6: 6.12 | M6: 281.57 | N6: 5.67 | O6: 305.13 | P6: 5.89 | Q6: 390.74 | R6: 7.35
B7: =B6+1 -> 2002 | C7: 427.29 | D7: 5.43 | E7: 409.87 | F7: 4.75 | G7: 404.11 | H7: 5.1 | I7: 461.97 | J7: 7.92 | K7: 297.97 | L7: 6.06 | M7: 307.37 | N7: 7.41 | O7: 266.97 | P7: 6.02 | Q7: 316.77 | R7: 6.72
B8: =B7+1 -> 2003 | C8: 460.74 | D8: 6 | E8: 362.1 | F8: 4.24 | G8: 458.39 | H8: 7.27 | I8: 410.29 | J8: 6.13 | K8: 323.77 | L8: 7.34 | M8: 294.37 | N8: 6.95 | O8: 290 | P8: 6.67 | Q8: 332.19 | R8: 6.61
B9: =B8+1 -> 2004 | C9: 455.94 | D9: 6.39 | E9: 371.13 | F9: 4.43 | G9: 421.97 | H9: 6.11 | I9: 419.65 | J9: 7.06 | K9: 268.97 | L9: 4.96 | M9: 258.07 | N9: 5.3 | O9: 280.45 | P9: 5.57 | Q9: 398.61 | R9: 8.03
B10: =B9+1 -> 2005 | C10: 438.45 | D10: 5.37 | E10: 362.81 | F10: 3.56 | G10: 508.64 | H10: 8.04 | I10: 381.61 | J10: 5.24 | K10: 315.52 | L10: 6.71 | M10: 288.3 | N10: 6.15 | O10: 306.84 | P10: 6.29 | Q10: 386.35 | R10: 7.91
B11: =B10+1 -> 2006 | C11: 450.77 | D11: 5.29 | E11: 451.61 | F11: 6.16 | G11: 411.96 | H11: 5 | I11: 418.06 | J11: 5.93 | K11: 319.58 | L11: 6.26 | M11: 284.87 | N11: 6.6 | O11: 272.74 | P11: 6.42 | Q11: 348.13 | R11: 7.37
B12: =B11+1 -> 2007 | C12: 489.42 | D12: 5.96 | E12: 374.35 | F12: 3.79 | G12: 505.21 | H12: 7.26 | I12: 471.39 | J12: 7.65 | K12: 333.1 | L12: 6.81 | M12: 335.5 | N12: 8.07 | O12: 301.19 | P12: 6.56 | Q12: 407.26 | R12: 8.42
B13: =B12+1 -> 2008 | C13: 526.70968 | D13: 7.4612903 | E13: 413.16 | F13: 4.34 | G13: 482.9 | H13: 6.13 | I13: 466.81 | J13: 7.22 | K13: 339.68 | L13: 6.92 | M13: 304.97 | N13: 6.41 | O13: 375.03226 | P13: 8.6741935 | Q13: 397 | R13: 7.7
B14: =B13+1 -> 2009 | C14: 531.93548 | D14: 7.3497267 | E14: 429.80645 | F14: 4.6741935 | G14: 457.5 | H14: 5.8 | I14: 457.42 | J14: 6.85 | K14: 357.22581 | L14: 7.2290323 | M14: 313.13 | N14: 6.5 | O14: 268 | P14: 4.81 | Q14: 384 | R14: 7.08
B15: =B14+1 -> 2010 | C15: 460.23 | D15: 5.54 | E15: 416.71 | F15: 4.65 | G15: 509.21 | H15: 7.58 | I15: 425.45161 | J15: 6.6129032 | K15: 338.06452 | L15: 7.1258065 | M15: 351 | N15: 8.3466667 | O15: 339.32258 | P15: 7.516129 | Q15: 432.77419 | R15: 8.7806452
... B30: =B29+1 -> 2025 | C30: 497.01374 | D30: 6.38294 | E30: 526.87452 | F30: 7.0384715 | G30: 519.03401 | H30: 7.1964286 | I30: 479.01574 | J30: 7.4032258 | K30: 349.56938 | L30: 6.9870968 | M30: 283.1504 | N30: 5.8021515 | O30: 326.0017 | P30: 6.7464427 | Q30: 406.67742 | R30: 7.9767887

Sheet tabela_e_medias
B2: valores(W/m²)/ano | C2: dez(ano anterior) | D2: jan | E2: fev | F2: mar | G2: mai | H2: jun | I2: jul | J2: ago | L2: valores(W/m²)/ano | M2: dez-fev | N2: jan-mar | O2: mai-jul | P2: jun-ago
B3: 1998 | C3: =dados!C3/(dados!D3*3600)*10000*4.1868 -> 834.67883 | D3: =dados!E3/(dados!F3*3600)*10000*4.1868 -> 819.8702 | E3: =dados!G3/(dados!H3*3600)*10000*4.1868 -> 1000.1079 | F3: =dados!I3/(dados!J3*3600)*10000*4.1868 -> 731.43843 | G3: =dados!K3/(dados!L3*3600)*10000*4.1868 -> 552.28363 | H3: =dados!M3/(dados!N3*3600)*10000*4.1868 -> 484.32257 | I3: =dados!O3/(dados!P3*3600)*10000*4.1868 -> 479.88207 | J3: =dados!Q3/(dados!R3*3600)*10000*4.1868 -> 579.63023 | L3: 1998 | M3: =AVERAGE(C3:E3) -> 884.88565 | N3: =AVERAGE(D3:F3) -> 850.47218 | O3: =AVERAGE(G3:I3) -> 505.49609 | P3: =AVERAGE(H3:J3) -> 514.61162
B4: =B3+1 -> 1999 | C4: =dados!C4/(dados!D4*3600)*10000*4.1868 -> 846.39916 | D4: =dados!E4/(dados!F4*3600)*10000*4.1868 -> 907.32949 | E4: =dados!G4/(dados!H4*3600)*10000*4.1868 -> 888.03821 | F4: =dados!I4/(dados!J4*3600)*10000*4.1868 -> 647.76079 | G4: =dados!K4/(dados!L4*3600)*10000*4.1868 -> 511.62634 | H4: =dados!M4/(dados!N4*3600)*10000*4.1868 -> 500.14834 | I4: =dados!O4/(dados!P4*3600)*10000*4.1868 -> 501.65224 | J4: =dados!Q4/(dados!R4*3600)*10000*4.1868 -> 520.39039 | L4: =L3+1 -> 1999 | M4: =AVERAGE(C4:E4) -> 880.58895 | N4: =AVERAGE(D4:F4) -> 814.37617 | O4: =AVERAGE(G4:I4) -> 504.47564 | P4: =AVERAGE(H4:J4) -> 507.39699
B5: =B4+1 -> 2000 | C5: =dados!C5/(dados!D5*3600)*10000*4.1868 -> 816.94718 | D5: =dados!E5/(dados!F5*3600)*10000*4.1868 -> 847.12774 | E5: =dados!G5/(dados!H5*3600)*10000*4.1868 -> 953.49053 | F5: =dados!I5/(dados!J5*3600)*10000*4.1868 -> 880.87594 | G5: =dados!K5/(dados!L5*3600)*10000*4.1868 -> 548.82223 | H5: =dados!M5/(dados!N5*3600)*10000*4.1868 -> 529.91364 | I5: =dados!O5/(dados!P5*3600)*10000*4.1868 -> 575.96362 | J5: =dados!Q5/(dados!R5*3600)*10000*4.1868 -> 657.17605 | L5: =L4+1 -> 2000 | M5: =AVERAGE(C5:E5) -> 872.52182 | N5: =AVERAGE(D5:F5) -> 893.8314 | O5: =AVERAGE(G5:I5) -> 551.56649 | P5: =AVERAGE(H5:J5) -> 587.68443
B6: =B5+1 -> 2001 | C6: =dados!C6/(dados!D6*3600)*10000*4.1868 -> 925.31833 | D6: =dados!E6/(dados!F6*3600)*10000*4.1868 -> 796.56891 | E6: =dados!G6/(dados!H6*3600)*10000*4.1868 -> 860.41299 | F6: =dados!I6/(dados!J6*3600)*10000*4.1868 -> 750.10997 | G6: =dados!K6/(dados!L6*3600)*10000*4.1868 -> 600.6933 | H6: =dados!M6/(dados!N6*3600)*10000*4.1868 -> 577.54129 | I6: =dados!O6/(dados!P6*3600)*10000*4.1868 -> 602.48929 | J6: =dados!Q6/(dados!R6*3600)*10000*4.1868 -> 618.27295 | L6: =L5+1 -> 2001 | M6: =AVERAGE(C6:E6) -> 860.76674 | N6: =AVERAGE(D6:F6) -> 802.36396 | O6: =AVERAGE(G6:I6) -> 593.57463 | P6: =AVERAGE(H6:J6) -> 599.43451
B7: =B6+1 -> 2002 | C7: =dados!C7/(dados!D7*3600)*10000*4.1868 -> 915.17177 | D7: =dados!E7/(dados!F7*3600)*10000*4.1868 -> 1003.5343 | E7: =dados!G7/(dados!H7*3600)*10000*4.1868 -> 921.52927 | F7: =dados!I7/(dados!J7*3600)*10000*4.1868 -> 678.37261 | G7: =dados!K7/(dados!L7*3600)*10000*4.1868 -> 571.84672 | H7: =dados!M7/(dados!N7*3600)*10000*4.1868 -> 482.41742 | I7: =dados!O7/(dados!P7*3600)*10000*4.1868 -> 515.75766 | J7: =dados!Q7/(dados!R7*3600)*10000*4.1868 -> 548.21951 | L7: =L6+1 -> 2002 | M7: =AVERAGE(C7:E7) -> 946.74513 | N7: =AVERAGE(D7:F7) -> 867.81207 | O7: =AVERAGE(G7:I7) -> 523.3406 | P7: =AVERAGE(H7:J7) -> 515.46486
B8: =B7+1 -> 2003 | C8: =dados!C8/(dados!D8*3600)*10000*4.1868 -> 893.0677 | D8: =dados!E8/(dados!F8*3600)*10000*4.1868 -> 993.21297 | E8: =dados!G8/(dados!H8*3600)*10000*4.1868 -> 733.2979 | F8: =dados!I8/(dados!J8*3600)*10000*4.1868 -> 778.41316 | G8: =dados!K8/(dados!L8*3600)*10000*4.1868 -> 513.00342 | H8: =dados!M8/(dados!N8*3600)*10000*4.1868 -> 492.59325 | I8: =dados!O8/(dados!P8*3600)*10000*4.1868 -> 505.65217 | J8: =dados!Q8/(dados!R8*3600)*10000*4.1868 -> 584.47348 | L8: =L7+1 -> 2003 | M8: =AVERAGE(C8:E8) -> 873.19286 | N8: =AVERAGE(D8:F8) -> 834.97468 | O8: =AVERAGE(G8:I8) -> 503.74962 | P8: =AVERAGE(H8:J8) -> 527.57297
B9: =B8+1 -> 2004 | C9: =dados!C9/(dados!D9*3600)*10000*4.1868 -> 829.82507 | D9: =dados!E9/(dados!F9*3600)*10000*4.1868 -> 974.32097 | E9: =dados!G9/(dados!H9*3600)*10000*4.1868 -> 803.19331 | F9: =dados!I9/(dados!J9*3600)*10000*4.1868 -> 691.29313 | G9: =dados!K9/(dados!L9*3600)*10000*4.1868 -> 630.66958 | H9: =dados!M9/(dados!N9*3600)*10000*4.1868 -> 566.29323 | I9: =dados!O9/(dados!P9*3600)*10000*4.1868 -> 585.57154 | J9: =dados!Q9/(dados!R9*3600)*10000*4.1868 -> 577.31436 | L9: =L8+1 -> 2004 | M9: =AVERAGE(C9:E9) -> 869.11312 | N9: =AVERAGE(D9:F9) -> 822.9358 | O9: =AVERAGE(G9:I9) -> 594.17812 | P9: =AVERAGE(H9:J9) -> 576.39304
B10: =B9+1 -> 2005 | C10: =dados!C10/(dados!D10*3600)*10000*4.1868 -> 949.56676 | D10: =dados!E10/(dados!F10*3600)*10000*4.1868 -> 1185.2473 | E10: =dados!G10/(dados!H10*3600)*10000*4.1868 -> 735.75662 | F10: =dados!I10/(dados!J10*3600)*10000*4.1868 -> 846.97029 | G10: =dados!K10/(dados!L10*3600)*10000*4.1868 -> 546.86999 | H10: =dados!M10/(dados!N10*3600)*10000*4.1868 -> 545.19171 | I10: =dados!O10/(dados!P10*3600)*10000*4.1868 -> 567.33692 | J10: =dados!Q10/(dados!R10*3600)*10000*4.1868 -> 568.04684 | L10: =L9+1 -> 2005 | M10: =AVERAGE(C10:E10) -> 956.85688 | N10: =AVERAGE(D10:F10) -> 922.65806 | O10: =AVERAGE(G10:I10) -> 553.13287 | P10: =AVERAGE(H10:J10) -> 560.19182
B11: =B10+1 -> 2006 | C11: =dados!C11/(dados!D11*3600)*10000*4.1868 -> 991.01231 | D11: =dados!E11/(dados!F11*3600)*10000*4.1868 -> 852.63381 | E11: =dados!G11/(dados!H11*3600)*10000*4.1868 -> 958.21896 | F11: =dados!I11/(dados!J11*3600)*10000*4.1868 -> 819.90519 | G11: =dados!K11/(dados!L11*3600)*10000*4.1868 -> 593.7245 | H11: =dados!M11/(dados!N11*3600)*10000*4.1868 -> 501.97547 | I11: =dados!O11/(dados!P11*3600)*10000*4.1868 -> 494.07573 | J11: =dados!Q11/(dados!R11*3600)*10000*4.1868 -> 549.35575 | L11: =L10+1 -> 2006 | M11: =AVERAGE(C11:E11) -> 933.95503 | N11: =AVERAGE(D11:F11) -> 876.91932 | O11: =AVERAGE(G11:I11) -> 529.92524 | P11: =AVERAGE(H11:J11) -> 515.13565
B12: =B11+1 -> 2007 | C12: =dados!C12/(dados!D12*3600)*10000*4.1868 -> 955.02594 | D12: =dados!E12/(dados!F12*3600)*10000*4.1868 -> 1148.731 | E12: =dados!G12/(dados!H12*3600)*10000*4.1868 -> 809.31023 | F12: =dados!I12/(dados!J12*3600)*10000*4.1868 -> 716.63604 | G12: =dados!K12/(dados!L12*3600)*10000*4.1868 -> 568.86241 | H12: =dados!M12/(dados!N12*3600)*10000*4.1868 -> 483.50248 | I12: =dados!O12/(dados!P12*3600)*10000*4.1868 -> 533.96947 | J12: =dados!Q12/(dados!R12*3600)*10000*4.1868 -> 562.52183 | L12: =L11+1 -> 2007 | M12: =AVERAGE(C12:E12) -> 971.02239 | N12: =AVERAGE(D12:F12) -> 891.55909 | O12: =AVERAGE(G12:I12) -> 528.77812 | P12: =AVERAGE(H12:J12) -> 526.66459
B13: =B12+1 -> 2008 | C13: =dados!C13/(dados!D13*3600)*10000*4.1868 -> 820.9885 | D13: =dados!E13/(dados!F13*3600)*10000*4.1868 -> 1107.1546 | E13: =dados!G13/(dados!H13*3600)*10000*4.1868 -> 916.1708 | F13: =dados!I13/(dados!J13*3600)*10000*4.1868 -> 751.9391 | G13: =dados!K13/(dados!L13*3600)*10000*4.1868 -> 570.87838 | H13: =dados!M13/(dados!N13*3600)*10000*4.1868 -> 553.3231 | I13: =dados!O13/(dados!P13*3600)*10000*4.1868 -> 502.82774 | J13: =dados!Q13/(dados!R13*3600)*10000*4.1868 -> 599.62468 | L13: =L12+1 -> 2008 | M13: =AVERAGE(C13:E13) -> 948.10462 | N13: =AVERAGE(D13:F13) -> 925.08815 | O13: =AVERAGE(G13:I13) -> 542.34308 | P13: =AVERAGE(H13:J13) -> 551.92517
B14: =B13+1 -> 2009 | C14: =dados!C14/(dados!D14*3600)*10000*4.1868 -> 841.71969 | D14: =dados!E14/(dados!F14*3600)*10000*4.1868 -> 1069.4142 | E14: =dados!G14/(dados!H14*3600)*10000*4.1868 -> 917.36638 | F14: =dados!I14/(dados!J14*3600)*10000*4.1868 -> 776.61235 | G14: =dados!K14/(dados!L14*3600)*10000*4.1868 -> 574.70156 | H14: =dados!M14/(dados!N14*3600)*10000*4.1868 -> 560.26183 | I14: =dados!O14/(dados!P14*3600)*10000*4.1868 -> 647.99168 | J14: =dados!Q14/(dados!R14*3600)*10000*4.1868 -> 630.77966 | L14: =L13+1 -> 2009 | M14: =AVERAGE(C14:E14) -> 942.83343 | N14: =AVERAGE(D14:F14) -> 921.13098 | O14: =AVERAGE(G14:I14) -> 594.31836 | P14: =AVERAGE(H14:J14) -> 613.01106
B15: =B14+1 -> 2010 | C15: =dados!C15/(dados!D15*3600)*10000*4.1868 -> 966.1507 | D15: =dados!E15/(dados!F15*3600)*10000*4.1868 -> 1042.2231 | E15: =dados!G15/(dados!H15*3600)*10000*4.1868 -> 781.28131 | F15: =dados!I15/(dados!J15*3600)*10000*4.1868 -> 748.23449 | G15: =dados!K15/(dados!L15*3600)*10000*4.1868 -> 551.75373 | H15: =dados!M15/(dados!N15*3600)*10000*4.1868 -> 489.07308 | I15: =dados!O15/(dados!P15*3600)*10000*4.1868 -> 525.04708 | J15: =dados!Q15/(dados!R15*3600)*10000*4.1868 -> 573.21117 | L15: =L14+1 -> 2010 | M15: =AVERAGE(C15:E15) -> 929.88503 | N15: =AVERAGE(D15:F15) -> 857.24629 | O15: =AVERAGE(G15:I15) -> 521.95797 | P15: =AVERAGE(H15:J15) -> 529.11044
... B30: =B29+1 -> 2025 | C30: =dados!C30/(dados!D30*3600)*10000*4.1868 -> 905.5811 | D30: =dados!E30/(dados!F30*3600)*10000*4.1868 -> 870.57973 | E30: =dados!G30/(dados!H30*3600)*10000*4.1868 -> 838.80017 | F30: =dados!I30/(dados!J30*3600)*10000*4.1868 -> 752.50347 | G30: =dados!K30/(dados!L30*3600)*10000*4.1868 -> 581.8571 | H30: =dados!M30/(dados!N30*3600)*10000*4.1868 -> 567.55484 | I30: =dados!O30/(dados!P30*3600)*10000*4.1868 -> 561.98503 | J30: =dados!Q30/(dados!R30*3600)*10000*4.1868 -> 592.92762 | L30: =L29+1 -> 2025 | M30: =AVERAGE(C30:E30) -> 871.65366 | N30: =AVERAGE(D30:F30) -> 820.62779 | O30: =AVERAGE(G30:I30) -> 570.46565 | P30: =AVERAGE(H30:J30) -> 574.15583
K32: media final (W/m²) | M32: =AVERAGE(M3:M30) -> 887.35169 | N32: =AVERAGE(N3:N30) -> 848.28841 | O32: =AVERAGE(O3:O30) -> 542.39736 | P32: =AVERAGE(P3:P30) -> 548.31952
